chunk_id,source_file,chunking_method,chunk_index,text_length,word_count,chunk_text,question,answer,contexts,evidence_ids,similarities
자동차 차체 형태 디자인이 공기역학 성능에 미치는영향에 대한 연구_0000,자동차 차체 형태 디자인이 공기역학 성능에 미치는영향에 대한 연구.pdf,length,0,859,83,"The Journal of the Convergence on Culture Technology (JCCT) Vol. 6, No. 1, pp.501-506, February 29, 2020. pISSN 2384-0358, eISSN 2384-0366 - 501 - *정 회원, 서 울여자대학교산업디자인학과조교수접수일:2019 년 11 월 28 일, 수 정완료일:2019 년 12 월 13 일 게재확정일:2019 년 12 월 23 일 Received:November28,2019/Revised:December13,2019Accepted:December23,2019*CorrespondingAuthor:iceblau@gmail.comDept.ofIndustrialDesign,SeoulWomen’sUniv.,Korea 자 동차차체형태디자인이공기역학성능에미치는영향에대한연구Research on the Effect of Car Body Design on CFD Aerodynamics Performance김 정민Kim Jeong Min요 약 본 실험연구에서는대표적인네가지타입의승용차차량형태에대한공기역학(공력)성 능분석, 측 면유리의각도에따른공력성능분석, 엔 진후드(엔 진덮개)의 각도차이에따른공력성능분석, 루 프라인의각도차이에따른공력성능분석을통해차량의형태변화에따라공력성능이어떻게변화하는지를종합적으로분석해보았다. 실 험결과비스듬히떨어지는후면유리라인은공력성능을저하시켰고, 루 프의각도차이에따른공력성능차이는거의나타나지않았으며일찍떨어지는후면라인은공력성능에가시적인영향을끼치지않았다. 차 량의루프라인이수평으로늦게까지이어지다천천히떨어지는후면유리라인은스타일링에도움이될지언정공력성능은저하시켰다. 후 방디퓨저의경우차체의형태에따라그성능효과가달라지는것으로판단되었다.",비스듬히 떨어지는 후면 유리 라인은 공력 성능에 어떤 영향을 미쳤나요?,비스듬히 떨어지는 후면 유리 라인은 공력 성능을 저하시켰습니다.,"[""[1] pISSN 2384-0358, eISSN 2384-0366 - 501 - *정 회원, 서 울여자대학교산업디자인학과조교수접수일:2019 년 11 월 28 일, 수 정완료일:2019 년 12 월 13 일 게재확정일:2019 년 12 월 23 일 Received:November28,2019/Revised:December13,2019Accepted:December23,2019*CorrespondingAuthor:iceblau@gmail.comDept.ofIndustrialDesign,SeoulWomen’sUniv.,Korea 자 동차차체형태디자인이공기역학성능에미치는영향에대한연구Research on the Effect of Car Body Design on CFD Aerodynamics Performance김 정민Kim Jeong Min요 약 본 실험연구에서는대표적인네가지타입의승용차차량형태에대한공기역학(공력)성 능분석, 측 면유리의각도에따른공력성능분석, 엔 진후드(엔 진덮개)의 각도차이에따른공력성능분석, 루 프라인의각도차이에따른공력성능분석을통해차량의형태변화에따라공력성능이어떻게변화하는지를종합적으로분석해보았다."", ""[2] The Journal of the Convergence on Culture Technology (JCCT) Vol."", ""[3] 6, No."", ""[4] 1, pp.501-506, February 29, 2020.""]",[1],"[0.013599779210877377, 0.0, 0.0, 0.0]"
자동차 차체 형태 디자인이 공기역학 성능에 미치는영향에 대한 연구_0000,자동차 차체 형태 디자인이 공기역학 성능에 미치는영향에 대한 연구.pdf,length,0,859,83,"The Journal of the Convergence on Culture Technology (JCCT) Vol. 6, No. 1, pp.501-506, February 29, 2020. pISSN 2384-0358, eISSN 2384-0366 - 501 - *정 회원, 서 울여자대학교산업디자인학과조교수접수일:2019 년 11 월 28 일, 수 정완료일:2019 년 12 월 13 일 게재확정일:2019 년 12 월 23 일 Received:November28,2019/Revised:December13,2019Accepted:December23,2019*CorrespondingAuthor:iceblau@gmail.comDept.ofIndustrialDesign,SeoulWomen’sUniv.,Korea 자 동차차체형태디자인이공기역학성능에미치는영향에대한연구Research on the Effect of Car Body Design on CFD Aerodynamics Performance김 정민Kim Jeong Min요 약 본 실험연구에서는대표적인네가지타입의승용차차량형태에대한공기역학(공력)성 능분석, 측 면유리의각도에따른공력성능분석, 엔 진후드(엔 진덮개)의 각도차이에따른공력성능분석, 루 프라인의각도차이에따른공력성능분석을통해차량의형태변화에따라공력성능이어떻게변화하는지를종합적으로분석해보았다. 실 험결과비스듬히떨어지는후면유리라인은공력성능을저하시켰고, 루 프의각도차이에따른공력성능차이는거의나타나지않았으며일찍떨어지는후면라인은공력성능에가시적인영향을끼치지않았다. 차 량의루프라인이수평으로늦게까지이어지다천천히떨어지는후면유리라인은스타일링에도움이될지언정공력성능은저하시켰다. 후 방디퓨저의경우차체의형태에따라그성능효과가달라지는것으로판단되었다.",루프의 각도 차이에 따른 공력 성능 차이는 어떻게 나타났나요?,루프의 각도 차이에 따른 공력 성능 차이는 거의 나타나지 않았습니다.,"[""[1] pISSN 2384-0358, eISSN 2384-0366 - 501 - *정 회원, 서 울여자대학교산업디자인학과조교수접수일:2019 년 11 월 28 일, 수 정완료일:2019 년 12 월 13 일 게재확정일:2019 년 12 월 23 일 Received:November28,2019/Revised:December13,2019Accepted:December23,2019*CorrespondingAuthor:iceblau@gmail.comDept.ofIndustrialDesign,SeoulWomen’sUniv.,Korea 자 동차차체형태디자인이공기역학성능에미치는영향에대한연구Research on the Effect of Car Body Design on CFD Aerodynamics Performance김 정민Kim Jeong Min요 약 본 실험연구에서는대표적인네가지타입의승용차차량형태에대한공기역학(공력)성 능분석, 측 면유리의각도에따른공력성능분석, 엔 진후드(엔 진덮개)의 각도차이에따른공력성능분석, 루 프라인의각도차이에따른공력성능분석을통해차량의형태변화에따라공력성능이어떻게변화하는지를종합적으로분석해보았다."", ""[2] The Journal of the Convergence on Culture Technology (JCCT) Vol."", ""[3] 6, No."", ""[4] 1, pp.501-506, February 29, 2020.""]",[1],"[0.014391004974548484, 0.0, 0.0, 0.0]"
자동차 차체 형태 디자인이 공기역학 성능에 미치는영향에 대한 연구_0000,자동차 차체 형태 디자인이 공기역학 성능에 미치는영향에 대한 연구.pdf,length,0,859,83,"The Journal of the Convergence on Culture Technology (JCCT) Vol. 6, No. 1, pp.501-506, February 29, 2020. pISSN 2384-0358, eISSN 2384-0366 - 501 - *정 회원, 서 울여자대학교산업디자인학과조교수접수일:2019 년 11 월 28 일, 수 정완료일:2019 년 12 월 13 일 게재확정일:2019 년 12 월 23 일 Received:November28,2019/Revised:December13,2019Accepted:December23,2019*CorrespondingAuthor:iceblau@gmail.comDept.ofIndustrialDesign,SeoulWomen’sUniv.,Korea 자 동차차체형태디자인이공기역학성능에미치는영향에대한연구Research on the Effect of Car Body Design on CFD Aerodynamics Performance김 정민Kim Jeong Min요 약 본 실험연구에서는대표적인네가지타입의승용차차량형태에대한공기역학(공력)성 능분석, 측 면유리의각도에따른공력성능분석, 엔 진후드(엔 진덮개)의 각도차이에따른공력성능분석, 루 프라인의각도차이에따른공력성능분석을통해차량의형태변화에따라공력성능이어떻게변화하는지를종합적으로분석해보았다. 실 험결과비스듬히떨어지는후면유리라인은공력성능을저하시켰고, 루 프의각도차이에따른공력성능차이는거의나타나지않았으며일찍떨어지는후면라인은공력성능에가시적인영향을끼치지않았다. 차 량의루프라인이수평으로늦게까지이어지다천천히떨어지는후면유리라인은스타일링에도움이될지언정공력성능은저하시켰다. 후 방디퓨저의경우차체의형태에따라그성능효과가달라지는것으로판단되었다.",후방 디퓨저의 성능 효과는 무엇에 따라 달라졌나요?,후방 디퓨저의 성능 효과는 차체의 형태에 따라 달라졌습니다.,"[""[1] The Journal of the Convergence on Culture Technology (JCCT) Vol."", ""[2] 6, No."", ""[3] 1, pp.501-506, February 29, 2020."", ""[4] pISSN 2384-0358, eISSN 2384-0366 - 501 - *정 회원, 서 울여자대학교산업디자인학과조교수접수일:2019 년 11 월 28 일, 수 정완료일:2019 년 12 월 13 일 게재확정일:2019 년 12 월 23 일 Received:November28,2019/Revised:December13,2019Accepted:December23,2019*CorrespondingAuthor:iceblau@gmail.comDept.ofIndustrialDesign,SeoulWomen’sUniv.,Korea 자 동차차체형태디자인이공기역학성능에미치는영향에대한연구Research on the Effect of Car Body Design on CFD Aerodynamics Performance김 정민Kim Jeong Min요 약 본 실험연구에서는대표적인네가지타입의승용차차량형태에대한공기역학(공력)성 능분석, 측 면유리의각도에따른공력성능분석, 엔 진후드(엔 진덮개)의 각도차이에따른공력성능분석, 루 프라인의각도차이에따른공력성능분석을통해차량의형태변화에따라공력성능이어떻게변화하는지를종합적으로분석해보았다.""]",[1],"[0.0, 0.0, 0.0, 0.0]"
자동차 차체 형태 디자인이 공기역학 성능에 미치는영향에 대한 연구_0002,자동차 차체 형태 디자인이 공기역학 성능에 미치는영향에 대한 연구.pdf,length,2,972,105,"amic performance, angle difference of the lowered roof line did not affect aerodynamic performance, and the back window line falling at certain angles had no visible effect on aerodynamic performance. Back window line leaning towards front side may help enhance styling aesthetics, but aerodynamic performance decreased. In case of rear diffuser installation, aerodynamic performance also decreased.Key words: Multidisciplinary research, Aerodynamics, car design, CFD, Design guideline http://dx.doi.org/10.17703/JCCT.2020.6.1.501JCCT2020-2-63 Ⅰ. 서 론심각해지는지구온난화와환경오염문제에대응하기위해세계적으로자동차배기가스와연료효율에대한규제가강화되고있다[1]. 자 동차의공기역학(공력)성 능은운행연비에지대한영향을미친다. 일 반적으로 10%공 력성능개선시의연비개선은고속주행(140km/h)조 건일때 7%에 달한다[2]. 자 동차디자이너들 Research on the Effect of Car Body Design on CFD Aerodynamics Performance - 502 - 이 차량의외형디자인작업시‘공 기역학적인형상’을 디자인요소로받아들여차량디자인에반영하는경향이있는데[2]꽤 많은경우형태적으로만공기역학적으로우수해보일뿐실질적으로는공력성능개선까지이어지지않는경우가많이있다. 자 동차디자인(스 타일링)작 업의모든단계에서디자인팀과공력팀간원활한협력이이루어진다면이러한문제를해결할수있겠지만전면적협력은현실적으로쉽지않다.",자동차의 공력 성능을 10% 개선하면 고속 주행 조건에서 연비는 얼마나 개선되는가?,자동차의 공력 성능을 10% 개선하면 고속 주행 조건(140km/h)에서 연비는 7% 개선된다.,"[""[1] 자 동차의공기역학(공력)성 능은운행연비에지대한영향을미친다."", ""[2] 일 반적으로 10%공 력성능개선시의연비개선은고속주행(140km/h)조 건일때 7%에 달한다[2]."", ""[3] In case of rear diffuser installation, aerodynamic performance also decreased.Key words: Multidisciplinary research, Aerodynamics, car design, CFD, Design guideline http://dx.doi.org/10.17703/JCCT.2020.6.1.501JCCT2020-2-63 Ⅰ."", ""[4] amic performance, angle difference of the lowered roof line did not affect aerodynamic performance, and the back window line falling at certain angles had no visible effect on aerodynamic performance.""]",[1],"[0.07301486622863397, 0.03691321154009042, 0.016013974410252183, 0.0]"
자동차 차체 형태 디자인이 공기역학 성능에 미치는영향에 대한 연구_0002,자동차 차체 형태 디자인이 공기역학 성능에 미치는영향에 대한 연구.pdf,length,2,972,105,"amic performance, angle difference of the lowered roof line did not affect aerodynamic performance, and the back window line falling at certain angles had no visible effect on aerodynamic performance. Back window line leaning towards front side may help enhance styling aesthetics, but aerodynamic performance decreased. In case of rear diffuser installation, aerodynamic performance also decreased.Key words: Multidisciplinary research, Aerodynamics, car design, CFD, Design guideline http://dx.doi.org/10.17703/JCCT.2020.6.1.501JCCT2020-2-63 Ⅰ. 서 론심각해지는지구온난화와환경오염문제에대응하기위해세계적으로자동차배기가스와연료효율에대한규제가강화되고있다[1]. 자 동차의공기역학(공력)성 능은운행연비에지대한영향을미친다. 일 반적으로 10%공 력성능개선시의연비개선은고속주행(140km/h)조 건일때 7%에 달한다[2]. 자 동차디자이너들 Research on the Effect of Car Body Design on CFD Aerodynamics Performance - 502 - 이 차량의외형디자인작업시‘공 기역학적인형상’을 디자인요소로받아들여차량디자인에반영하는경향이있는데[2]꽤 많은경우형태적으로만공기역학적으로우수해보일뿐실질적으로는공력성능개선까지이어지지않는경우가많이있다. 자 동차디자인(스 타일링)작 업의모든단계에서디자인팀과공력팀간원활한협력이이루어진다면이러한문제를해결할수있겠지만전면적협력은현실적으로쉽지않다.",후면 디퓨저 설치가 자동차의 공력 성능에 미치는 영향은 무엇인가?,후면 디퓨저 설치는 자동차의 공력 성능을 감소시킨다.,"[""[1] 자 동차의공기역학(공력)성 능은운행연비에지대한영향을미친다."", ""[2] amic performance, angle difference of the lowered roof line did not affect aerodynamic performance, and the back window line falling at certain angles had no visible effect on aerodynamic performance."", ""[3] In case of rear diffuser installation, aerodynamic performance also decreased.Key words: Multidisciplinary research, Aerodynamics, car design, CFD, Design guideline http://dx.doi.org/10.17703/JCCT.2020.6.1.501JCCT2020-2-63 Ⅰ."", ""[4] Back window line leaning towards front side may help enhance styling aesthetics, but aerodynamic performance decreased.""]",[1],"[0.08037488946967498, 0.0, 0.0, 0.0]"
자동차 차체 형태 디자인이 공기역학 성능에 미치는영향에 대한 연구_0002,자동차 차체 형태 디자인이 공기역학 성능에 미치는영향에 대한 연구.pdf,length,2,972,105,"amic performance, angle difference of the lowered roof line did not affect aerodynamic performance, and the back window line falling at certain angles had no visible effect on aerodynamic performance. Back window line leaning towards front side may help enhance styling aesthetics, but aerodynamic performance decreased. In case of rear diffuser installation, aerodynamic performance also decreased.Key words: Multidisciplinary research, Aerodynamics, car design, CFD, Design guideline http://dx.doi.org/10.17703/JCCT.2020.6.1.501JCCT2020-2-63 Ⅰ. 서 론심각해지는지구온난화와환경오염문제에대응하기위해세계적으로자동차배기가스와연료효율에대한규제가강화되고있다[1]. 자 동차의공기역학(공력)성 능은운행연비에지대한영향을미친다. 일 반적으로 10%공 력성능개선시의연비개선은고속주행(140km/h)조 건일때 7%에 달한다[2]. 자 동차디자이너들 Research on the Effect of Car Body Design on CFD Aerodynamics Performance - 502 - 이 차량의외형디자인작업시‘공 기역학적인형상’을 디자인요소로받아들여차량디자인에반영하는경향이있는데[2]꽤 많은경우형태적으로만공기역학적으로우수해보일뿐실질적으로는공력성능개선까지이어지지않는경우가많이있다. 자 동차디자인(스 타일링)작 업의모든단계에서디자인팀과공력팀간원활한협력이이루어진다면이러한문제를해결할수있겠지만전면적협력은현실적으로쉽지않다.",자동차의 외형 디자인에서 공기역학적인 형상이 실제 공력 성능 개선으로 이어지지 않는 경우가 많은 이유는 무엇인가?,자동차의 외형 디자인에서 공기역학적인 형상이 실제 공력 성능 개선으로 이어지지 않는 경우가 많은 이유는 형태적으로만 공기역학적으로 우수해 보일 뿐 실질적인 성능 개선이 이루어지지 않기 때문이다.,"[""[1] 자 동차의공기역학(공력)성 능은운행연비에지대한영향을미친다."", ""[2] amic performance, angle difference of the lowered roof line did not affect aerodynamic performance, and the back window line falling at certain angles had no visible effect on aerodynamic performance."", ""[3] In case of rear diffuser installation, aerodynamic performance also decreased.Key words: Multidisciplinary research, Aerodynamics, car design, CFD, Design guideline http://dx.doi.org/10.17703/JCCT.2020.6.1.501JCCT2020-2-63 Ⅰ."", ""[4] Back window line leaning towards front side may help enhance styling aesthetics, but aerodynamic performance decreased.""]",[1],"[0.06132115859316449, 0.0, 0.0, 0.0]"
자동차 차체 형태 디자인이 공기역학 성능에 미치는영향에 대한 연구_0003,자동차 차체 형태 디자인이 공기역학 성능에 미치는영향에 대한 연구.pdf,length,3,935,64,"ormance - 502 - 이 차량의외형디자인작업시‘공 기역학적인형상’을 디자인요소로받아들여차량디자인에반영하는경향이있는데[2]꽤 많은경우형태적으로만공기역학적으로우수해보일뿐실질적으로는공력성능개선까지이어지지않는경우가많이있다. 자 동차디자인(스 타일링)작 업의모든단계에서디자인팀과공력팀간원활한협력이이루어진다면이러한문제를해결할수있겠지만전면적협력은현실적으로쉽지않다. 따 라서디자이너들이참고할수있는디자이너를위한공력성능가이드라인같은자료가필요하다.Kim[3]은 디자이너들이자동차외형디자인작업을할때도움을받을수있도록모서리필렛, 차 량의전면부각도차, 후 면부각도차, 디 퓨저적용등다양한디자인요소들의적용이자동차공력성능에미치는영향에대한연구를진행하였다.Kim[3]의 연구는다양한요소들의조합이서로어떤방식으로작용하여공력성능에영향을미치는지밝혀냈지만실험에사용된차체들의형태가단순화되어있었기에실제도로에서사용되는대표적인차량형태를적용한실험연구의필요성이도출되었다. 이 에본실험연구에서는대표적인 4 가 지타입의차량형태에대한공력분석, 측 면유리의각도에따른공력성능분석, 엔 진후드(엔 진덮개)의 각도차이에따른공력성능분석, 루 프라인의각도차이에따른공력성능분석을통해차량의형태변화에따라공력성능이어떻게변화하는지종합적으로분석해보았다.Ⅱ. 실 험설정오토데스크사의유체동역학분석FlowDesign소 프트웨어를사용해공력측정시뮬레이션실험을진행하였다. 시 뮬레이션에사용한윈드터널내의유동속도는 28m/s(100.8km/h)으 로설정하였고윈드터널의폭은 9.4 미터, 길 이는 21.3 미터, 높 이는 5.2 미 터로설정하였다. 실 험에사용한각차체모델별로각각시뮬레이션을돌렸으며,FlowDesign소 프트웨어분석이안정화(stabilized표시)된 이후제시된Cd값 으로차체별공력성능을비교하였다.Cd값 이낮을수록자동차의주행과반대방향으로발생하는항력(dragforce)이 낮음을의미하며, 본 논문에서는Cd값 이낮을수록공기역학성능이우수하다고표현하였다.",Kim[3]의 연구에서 자동차 공력 성능에 영향을 미치는 디자인 요소로 언급된 것은 무엇인가?,"Kim[3]의 연구에서는 모서리 필렛, 차량의 전면부 각도 차, 후면부 각도 차, 디퓨저 적용 등의 디자인 요소들이 자동차 공력 성능에 영향을 미친다고 언급되었다.","[""[1] 따 라서디자이너들이참고할수있는디자이너를위한공력성능가이드라인같은자료가필요하다.Kim[3]은 디자이너들이자동차외형디자인작업을할때도움을받을수있도록모서리필렛, 차 량의전면부각도차, 후 면부각도차, 디 퓨저적용등다양한디자인요소들의적용이자동차공력성능에미치는영향에대한연구를진행하였다.Kim[3]의 연구는다양한요소들의조합이서로어떤방식으로작용하여공력성능에영향을미치는지밝혀냈지만실험에사용된차체들의형태가단순화되어있었기에실제도로에서사용되는대표적인차량형태를적용한실험연구의필요성이도출되었다."", ""[2] ormance - 502 - 이 차량의외형디자인작업시‘공 기역학적인형상’을 디자인요소로받아들여차량디자인에반영하는경향이있는데[2]꽤 많은경우형태적으로만공기역학적으로우수해보일뿐실질적으로는공력성능개선까지이어지지않는경우가많이있다."", ""[3] 자 동차디자인(스 타일링)작 업의모든단계에서디자인팀과공력팀간원활한협력이이루어진다면이러한문제를해결할수있겠지만전면적협력은현실적으로쉽지않다."", ""[4] 이 에본실험연구에서는대표적인 4 가 지타입의차량형태에대한공력분석, 측 면유리의각도에따른공력성능분석, 엔 진후드(엔 진덮개)의 각도차이에따른공력성능분석, 루 프라인의각도차이에따른공력성능분석을통해차량의형태변화에따라공력성능이어떻게변화하는지종합적으로분석해보았다.Ⅱ.""]",[1],"[0.07414881606812476, 0.0, 0.0, 0.0]"
자동차 차체 형태 디자인이 공기역학 성능에 미치는영향에 대한 연구_0003,자동차 차체 형태 디자인이 공기역학 성능에 미치는영향에 대한 연구.pdf,length,3,935,64,"ormance - 502 - 이 차량의외형디자인작업시‘공 기역학적인형상’을 디자인요소로받아들여차량디자인에반영하는경향이있는데[2]꽤 많은경우형태적으로만공기역학적으로우수해보일뿐실질적으로는공력성능개선까지이어지지않는경우가많이있다. 자 동차디자인(스 타일링)작 업의모든단계에서디자인팀과공력팀간원활한협력이이루어진다면이러한문제를해결할수있겠지만전면적협력은현실적으로쉽지않다. 따 라서디자이너들이참고할수있는디자이너를위한공력성능가이드라인같은자료가필요하다.Kim[3]은 디자이너들이자동차외형디자인작업을할때도움을받을수있도록모서리필렛, 차 량의전면부각도차, 후 면부각도차, 디 퓨저적용등다양한디자인요소들의적용이자동차공력성능에미치는영향에대한연구를진행하였다.Kim[3]의 연구는다양한요소들의조합이서로어떤방식으로작용하여공력성능에영향을미치는지밝혀냈지만실험에사용된차체들의형태가단순화되어있었기에실제도로에서사용되는대표적인차량형태를적용한실험연구의필요성이도출되었다. 이 에본실험연구에서는대표적인 4 가 지타입의차량형태에대한공력분석, 측 면유리의각도에따른공력성능분석, 엔 진후드(엔 진덮개)의 각도차이에따른공력성능분석, 루 프라인의각도차이에따른공력성능분석을통해차량의형태변화에따라공력성능이어떻게변화하는지종합적으로분석해보았다.Ⅱ. 실 험설정오토데스크사의유체동역학분석FlowDesign소 프트웨어를사용해공력측정시뮬레이션실험을진행하였다. 시 뮬레이션에사용한윈드터널내의유동속도는 28m/s(100.8km/h)으 로설정하였고윈드터널의폭은 9.4 미터, 길 이는 21.3 미터, 높 이는 5.2 미 터로설정하였다. 실 험에사용한각차체모델별로각각시뮬레이션을돌렸으며,FlowDesign소 프트웨어분석이안정화(stabilized표시)된 이후제시된Cd값 으로차체별공력성능을비교하였다.Cd값 이낮을수록자동차의주행과반대방향으로발생하는항력(dragforce)이 낮음을의미하며, 본 논문에서는Cd값 이낮을수록공기역학성능이우수하다고표현하였다.",본 실험 연구에서 사용된 유체동역학 분석 소프트웨어의 이름은 무엇인가?,본 실험 연구에서는 오토데스크사의 유체동역학 분석 FlowDesign 소프트웨어를 사용하였다.,"[""[1] ormance - 502 - 이 차량의외형디자인작업시‘공 기역학적인형상’을 디자인요소로받아들여차량디자인에반영하는경향이있는데[2]꽤 많은경우형태적으로만공기역학적으로우수해보일뿐실질적으로는공력성능개선까지이어지지않는경우가많이있다."", ""[2] 자 동차디자인(스 타일링)작 업의모든단계에서디자인팀과공력팀간원활한협력이이루어진다면이러한문제를해결할수있겠지만전면적협력은현실적으로쉽지않다."", ""[3] 따 라서디자이너들이참고할수있는디자이너를위한공력성능가이드라인같은자료가필요하다.Kim[3]은 디자이너들이자동차외형디자인작업을할때도움을받을수있도록모서리필렛, 차 량의전면부각도차, 후 면부각도차, 디 퓨저적용등다양한디자인요소들의적용이자동차공력성능에미치는영향에대한연구를진행하였다.Kim[3]의 연구는다양한요소들의조합이서로어떤방식으로작용하여공력성능에영향을미치는지밝혀냈지만실험에사용된차체들의형태가단순화되어있었기에실제도로에서사용되는대표적인차량형태를적용한실험연구의필요성이도출되었다."", ""[4] 이 에본실험연구에서는대표적인 4 가 지타입의차량형태에대한공력분석, 측 면유리의각도에따른공력성능분석, 엔 진후드(엔 진덮개)의 각도차이에따른공력성능분석, 루 프라인의각도차이에따른공력성능분석을통해차량의형태변화에따라공력성능이어떻게변화하는지종합적으로분석해보았다.Ⅱ.""]",[1],"[0.0, 0.0, 0.0, 0.0]"
자동차 차체 형태 디자인이 공기역학 성능에 미치는영향에 대한 연구_0003,자동차 차체 형태 디자인이 공기역학 성능에 미치는영향에 대한 연구.pdf,length,3,935,64,"ormance - 502 - 이 차량의외형디자인작업시‘공 기역학적인형상’을 디자인요소로받아들여차량디자인에반영하는경향이있는데[2]꽤 많은경우형태적으로만공기역학적으로우수해보일뿐실질적으로는공력성능개선까지이어지지않는경우가많이있다. 자 동차디자인(스 타일링)작 업의모든단계에서디자인팀과공력팀간원활한협력이이루어진다면이러한문제를해결할수있겠지만전면적협력은현실적으로쉽지않다. 따 라서디자이너들이참고할수있는디자이너를위한공력성능가이드라인같은자료가필요하다.Kim[3]은 디자이너들이자동차외형디자인작업을할때도움을받을수있도록모서리필렛, 차 량의전면부각도차, 후 면부각도차, 디 퓨저적용등다양한디자인요소들의적용이자동차공력성능에미치는영향에대한연구를진행하였다.Kim[3]의 연구는다양한요소들의조합이서로어떤방식으로작용하여공력성능에영향을미치는지밝혀냈지만실험에사용된차체들의형태가단순화되어있었기에실제도로에서사용되는대표적인차량형태를적용한실험연구의필요성이도출되었다. 이 에본실험연구에서는대표적인 4 가 지타입의차량형태에대한공력분석, 측 면유리의각도에따른공력성능분석, 엔 진후드(엔 진덮개)의 각도차이에따른공력성능분석, 루 프라인의각도차이에따른공력성능분석을통해차량의형태변화에따라공력성능이어떻게변화하는지종합적으로분석해보았다.Ⅱ. 실 험설정오토데스크사의유체동역학분석FlowDesign소 프트웨어를사용해공력측정시뮬레이션실험을진행하였다. 시 뮬레이션에사용한윈드터널내의유동속도는 28m/s(100.8km/h)으 로설정하였고윈드터널의폭은 9.4 미터, 길 이는 21.3 미터, 높 이는 5.2 미 터로설정하였다. 실 험에사용한각차체모델별로각각시뮬레이션을돌렸으며,FlowDesign소 프트웨어분석이안정화(stabilized표시)된 이후제시된Cd값 으로차체별공력성능을비교하였다.Cd값 이낮을수록자동차의주행과반대방향으로발생하는항력(dragforce)이 낮음을의미하며, 본 논문에서는Cd값 이낮을수록공기역학성능이우수하다고표현하였다.",실험에서 설정된 윈드터널의 유동 속도는 얼마인가?,실험에서 설정된 윈드터널의 유동 속도는 28m/s(100.8km/h)이다.,"[""[1] ormance - 502 - 이 차량의외형디자인작업시‘공 기역학적인형상’을 디자인요소로받아들여차량디자인에반영하는경향이있는데[2]꽤 많은경우형태적으로만공기역학적으로우수해보일뿐실질적으로는공력성능개선까지이어지지않는경우가많이있다."", ""[2] 자 동차디자인(스 타일링)작 업의모든단계에서디자인팀과공력팀간원활한협력이이루어진다면이러한문제를해결할수있겠지만전면적협력은현실적으로쉽지않다."", ""[3] 따 라서디자이너들이참고할수있는디자이너를위한공력성능가이드라인같은자료가필요하다.Kim[3]은 디자이너들이자동차외형디자인작업을할때도움을받을수있도록모서리필렛, 차 량의전면부각도차, 후 면부각도차, 디 퓨저적용등다양한디자인요소들의적용이자동차공력성능에미치는영향에대한연구를진행하였다.Kim[3]의 연구는다양한요소들의조합이서로어떤방식으로작용하여공력성능에영향을미치는지밝혀냈지만실험에사용된차체들의형태가단순화되어있었기에실제도로에서사용되는대표적인차량형태를적용한실험연구의필요성이도출되었다."", ""[4] 이 에본실험연구에서는대표적인 4 가 지타입의차량형태에대한공력분석, 측 면유리의각도에따른공력성능분석, 엔 진후드(엔 진덮개)의 각도차이에따른공력성능분석, 루 프라인의각도차이에따른공력성능분석을통해차량의형태변화에따라공력성능이어떻게변화하는지종합적으로분석해보았다.Ⅱ.""]",[1],"[0.0, 0.0, 0.0, 0.0]"
자동차 차체 형태 디자인이 공기역학 성능에 미치는영향에 대한 연구_0004,자동차 차체 형태 디자인이 공기역학 성능에 미치는영향에 대한 연구.pdf,length,4,987,107,"3 미터, 높 이는 5.2 미 터로설정하였다. 실 험에사용한각차체모델별로각각시뮬레이션을돌렸으며,FlowDesign소 프트웨어분석이안정화(stabilized표시)된 이후제시된Cd값 으로차체별공력성능을비교하였다.Cd값 이낮을수록자동차의주행과반대방향으로발생하는항력(dragforce)이 낮음을의미하며, 본 논문에서는Cd값 이낮을수록공기역학성능이우수하다고표현하였다. 추 가적으로, 애 니메이션으로보여지는유동(공 기의흐름)시 각화를통해 각 차체별로Cd값 이높게, 또 는낮게나오는원인을파악해볼수있었다. 그림 1. 유 동의시각화–루 프를타고넘어온유동이차량후방에서회오리처럼순환하는모습을보여주는후면부재순환영역(파 랑색선으로표시)Figure1.Visualizationofairflow–backsidecirculationoftheairflowⅢ. 실 험및결과 1. 차 체측면형태에따른공력성능비교첫번째실험에서는 4 가 지대표적차체형태(밴형, 왜 건형, 해 치백형및세단형)의 시뮬레이션결과값을Autodesk사의CFD툴 을사용하여구했다. 실 험에사용된컴퓨터모델링된차체의길이, 높 이및폭은모두동일하였다.<그림 2>와 같이차량의길이는 4620mm, 높 이는 1266mm, 그 리고<그림 2>에 표현되지않은차량의폭은 1800mm로 설정하였다이는BMW사의F80M3 차 량의실제치수를바탕으로설정하였다. 그림 2. 해 치백타입(C타입)차 체의치수및각도정보Figure2.DimensionofHatchbacktypemodel(TypeC)<그림 3>의B,C,D타 입의경우엔진후드및앞유리(윈 드쉴드)의 각도, 엔 진후드와앞유리가만나는지점의위치는실존하는차량인BMW사의F80M3 차 량의측면도를바탕으로설정하였다. The Journal of the Convergence on Culture Technology (JCCT) Vol. 6, No. 1, pp.501-506, February 29, 2020. pISSN 2384-0358, eISSN 2384-0366 - 503 - A타입B타입 C타입D타 입그림 3.",실험에 사용된 차체 모델의 길이는 얼마입니까?,실험에 사용된 차체 모델의 길이는 4620mm로 설정되었습니다.,"[""[1] 3 미터, 높 이는 5.2 미 터로설정하였다."", ""[2] 실 험에사용한각차체모델별로각각시뮬레이션을돌렸으며,FlowDesign소 프트웨어분석이안정화(stabilized표시)된 이후제시된Cd값 으로차체별공력성능을비교하였다.Cd값 이낮을수록자동차의주행과반대방향으로발생하는항력(dragforce)이 낮음을의미하며, 본 논문에서는Cd값 이낮을수록공기역학성능이우수하다고표현하였다."", ""[3] 추 가적으로, 애 니메이션으로보여지는유동(공 기의흐름)시 각화를통해 각 차체별로Cd값 이높게, 또 는낮게나오는원인을파악해볼수있었다."", ""[4] 그림 1.""]",[1],"[0.0, 0.0, 0.0, 0.0]"
자동차 차체 형태 디자인이 공기역학 성능에 미치는영향에 대한 연구_0004,자동차 차체 형태 디자인이 공기역학 성능에 미치는영향에 대한 연구.pdf,length,4,987,107,"3 미터, 높 이는 5.2 미 터로설정하였다. 실 험에사용한각차체모델별로각각시뮬레이션을돌렸으며,FlowDesign소 프트웨어분석이안정화(stabilized표시)된 이후제시된Cd값 으로차체별공력성능을비교하였다.Cd값 이낮을수록자동차의주행과반대방향으로발생하는항력(dragforce)이 낮음을의미하며, 본 논문에서는Cd값 이낮을수록공기역학성능이우수하다고표현하였다. 추 가적으로, 애 니메이션으로보여지는유동(공 기의흐름)시 각화를통해 각 차체별로Cd값 이높게, 또 는낮게나오는원인을파악해볼수있었다. 그림 1. 유 동의시각화–루 프를타고넘어온유동이차량후방에서회오리처럼순환하는모습을보여주는후면부재순환영역(파 랑색선으로표시)Figure1.Visualizationofairflow–backsidecirculationoftheairflowⅢ. 실 험및결과 1. 차 체측면형태에따른공력성능비교첫번째실험에서는 4 가 지대표적차체형태(밴형, 왜 건형, 해 치백형및세단형)의 시뮬레이션결과값을Autodesk사의CFD툴 을사용하여구했다. 실 험에사용된컴퓨터모델링된차체의길이, 높 이및폭은모두동일하였다.<그림 2>와 같이차량의길이는 4620mm, 높 이는 1266mm, 그 리고<그림 2>에 표현되지않은차량의폭은 1800mm로 설정하였다이는BMW사의F80M3 차 량의실제치수를바탕으로설정하였다. 그림 2. 해 치백타입(C타입)차 체의치수및각도정보Figure2.DimensionofHatchbacktypemodel(TypeC)<그림 3>의B,C,D타 입의경우엔진후드및앞유리(윈 드쉴드)의 각도, 엔 진후드와앞유리가만나는지점의위치는실존하는차량인BMW사의F80M3 차 량의측면도를바탕으로설정하였다. The Journal of the Convergence on Culture Technology (JCCT) Vol. 6, No. 1, pp.501-506, February 29, 2020. pISSN 2384-0358, eISSN 2384-0366 - 503 - A타입B타입 C타입D타 입그림 3.",실험에 사용된 차체 모델의 높이는 얼마입니까?,실험에 사용된 차체 모델의 높이는 1266mm로 설정되었습니다.,"[""[1] 3 미터, 높 이는 5.2 미 터로설정하였다."", ""[2] 실 험에사용한각차체모델별로각각시뮬레이션을돌렸으며,FlowDesign소 프트웨어분석이안정화(stabilized표시)된 이후제시된Cd값 으로차체별공력성능을비교하였다.Cd값 이낮을수록자동차의주행과반대방향으로발생하는항력(dragforce)이 낮음을의미하며, 본 논문에서는Cd값 이낮을수록공기역학성능이우수하다고표현하였다."", ""[3] 추 가적으로, 애 니메이션으로보여지는유동(공 기의흐름)시 각화를통해 각 차체별로Cd값 이높게, 또 는낮게나오는원인을파악해볼수있었다."", ""[4] 그림 1.""]",[1],"[0.0, 0.0, 0.0, 0.0]"
자동차 차체 형태 디자인이 공기역학 성능에 미치는영향에 대한 연구_0004,자동차 차체 형태 디자인이 공기역학 성능에 미치는영향에 대한 연구.pdf,length,4,987,107,"3 미터, 높 이는 5.2 미 터로설정하였다. 실 험에사용한각차체모델별로각각시뮬레이션을돌렸으며,FlowDesign소 프트웨어분석이안정화(stabilized표시)된 이후제시된Cd값 으로차체별공력성능을비교하였다.Cd값 이낮을수록자동차의주행과반대방향으로발생하는항력(dragforce)이 낮음을의미하며, 본 논문에서는Cd값 이낮을수록공기역학성능이우수하다고표현하였다. 추 가적으로, 애 니메이션으로보여지는유동(공 기의흐름)시 각화를통해 각 차체별로Cd값 이높게, 또 는낮게나오는원인을파악해볼수있었다. 그림 1. 유 동의시각화–루 프를타고넘어온유동이차량후방에서회오리처럼순환하는모습을보여주는후면부재순환영역(파 랑색선으로표시)Figure1.Visualizationofairflow–backsidecirculationoftheairflowⅢ. 실 험및결과 1. 차 체측면형태에따른공력성능비교첫번째실험에서는 4 가 지대표적차체형태(밴형, 왜 건형, 해 치백형및세단형)의 시뮬레이션결과값을Autodesk사의CFD툴 을사용하여구했다. 실 험에사용된컴퓨터모델링된차체의길이, 높 이및폭은모두동일하였다.<그림 2>와 같이차량의길이는 4620mm, 높 이는 1266mm, 그 리고<그림 2>에 표현되지않은차량의폭은 1800mm로 설정하였다이는BMW사의F80M3 차 량의실제치수를바탕으로설정하였다. 그림 2. 해 치백타입(C타입)차 체의치수및각도정보Figure2.DimensionofHatchbacktypemodel(TypeC)<그림 3>의B,C,D타 입의경우엔진후드및앞유리(윈 드쉴드)의 각도, 엔 진후드와앞유리가만나는지점의위치는실존하는차량인BMW사의F80M3 차 량의측면도를바탕으로설정하였다. The Journal of the Convergence on Culture Technology (JCCT) Vol. 6, No. 1, pp.501-506, February 29, 2020. pISSN 2384-0358, eISSN 2384-0366 - 503 - A타입B타입 C타입D타 입그림 3.",실험에 사용된 차체 모델의 폭은 얼마입니까?,실험에 사용된 차체 모델의 폭은 1800mm로 설정되었습니다.,"[""[1] 3 미터, 높 이는 5.2 미 터로설정하였다."", ""[2] 실 험에사용한각차체모델별로각각시뮬레이션을돌렸으며,FlowDesign소 프트웨어분석이안정화(stabilized표시)된 이후제시된Cd값 으로차체별공력성능을비교하였다.Cd값 이낮을수록자동차의주행과반대방향으로발생하는항력(dragforce)이 낮음을의미하며, 본 논문에서는Cd값 이낮을수록공기역학성능이우수하다고표현하였다."", ""[3] 추 가적으로, 애 니메이션으로보여지는유동(공 기의흐름)시 각화를통해 각 차체별로Cd값 이높게, 또 는낮게나오는원인을파악해볼수있었다."", ""[4] 그림 1.""]",[1],"[0.0, 0.0, 0.0, 0.0]"
자동차 차체 형태 디자인이 공기역학 성능에 미치는영향에 대한 연구_0005,자동차 차체 형태 디자인이 공기역학 성능에 미치는영향에 대한 연구.pdf,length,5,999,85,"는차량인BMW사의F80M3 차 량의측면도를바탕으로설정하였다. The Journal of the Convergence on Culture Technology (JCCT) Vol. 6, No. 1, pp.501-506, February 29, 2020. pISSN 2384-0358, eISSN 2384-0366 - 503 - A타입B타입 C타입D타 입그림 3. 실험 1 에 사용된 4 가 지대표적차체형태(밴형, 왜 건형, 해 치백형및세단형)Figure3.Sideviewsofthefourtypesoftestedmodels도 로에서볼수있는일반적형태의차량타입인해치백타입(C타입)과 세단타입(D타입)의 공기역학성능이A타 입과B타 입보다더뛰어날것으로기대되었으나시뮬레이션결과는예상과는달랐다.<그림 4>에 서보여지듯엔진후드와앞유리가일직선으로이어지는A타 입이가장낮은Cd값 을보여주었고우리나라에서는보기힘든왜건차량형태에가까운B타 입이두번째로낮은Cd값 을보여주었다. 가 장공력성능이좋은A타 입의경우성능이가장좋지않았던C타입(해 치백타입)보다 23%높 은공력성능을보여주었다. 전 방유동이앞유리에부딪히면서 1 차 적손실이발생하고, 루 프가일찍끝나게되어보다근거리에서보다강한후면부재순환(루 프를타고넘어온유동이차량후방에서회오리처럼순환하는모습을보여주는영역)이 일어나Cd값 이커진것으로판단된다. 따 라서, 공 기역학성능을높이기위해서는엔진후드와앞유리의각도차이를최대한줄이고루프가끝나는지점은최대한뒤로가져가는것이좋을것으로판단된다. 대 부분의승객용자동차들은후면유리가비스듬한각도로기울어있는데, 이 는자동차스타일링관점에서절벽처럼뚝떨어지는형상보다는천천히비스듬히떨어지는후면유리라인이미적으로뛰어나다고받아들여지고있기때문이다. 하 지만수직에보다가까운후면유리적용을통한공력성능개선및그로인한연료절감효과, 트 렁크적재부피증대등여러기능적관점에서판단하였을시에는기울어진후면유리는그존재의타당성을잃어버리게된다. 디 자이너들이자동차스타일링작업시후면유리의기울임각도는최소화하는동시에미적으로도조화로운차체의전체측면라인을뽑는디자인전략을세워보는것도좋을것이다. 그림 4.",어떤 차체 형태가 가장 낮은 항력계수(Cd)를 보였나요?,엔진 후드와 앞유리가 일직선으로 이어지는 A 타입이 가장 낮은 Cd 값을 보였습니다.,"[""[1] 는차량인BMW사의F80M3 차 량의측면도를바탕으로설정하였다."", ""[2] The Journal of the Convergence on Culture Technology (JCCT) Vol."", ""[3] 6, No."", ""[4] 1, pp.501-506, February 29, 2020.""]",[1],"[0.0, 0.0, 0.0, 0.0]"
자동차 차체 형태 디자인이 공기역학 성능에 미치는영향에 대한 연구_0005,자동차 차체 형태 디자인이 공기역학 성능에 미치는영향에 대한 연구.pdf,length,5,999,85,"는차량인BMW사의F80M3 차 량의측면도를바탕으로설정하였다. The Journal of the Convergence on Culture Technology (JCCT) Vol. 6, No. 1, pp.501-506, February 29, 2020. pISSN 2384-0358, eISSN 2384-0366 - 503 - A타입B타입 C타입D타 입그림 3. 실험 1 에 사용된 4 가 지대표적차체형태(밴형, 왜 건형, 해 치백형및세단형)Figure3.Sideviewsofthefourtypesoftestedmodels도 로에서볼수있는일반적형태의차량타입인해치백타입(C타입)과 세단타입(D타입)의 공기역학성능이A타 입과B타 입보다더뛰어날것으로기대되었으나시뮬레이션결과는예상과는달랐다.<그림 4>에 서보여지듯엔진후드와앞유리가일직선으로이어지는A타 입이가장낮은Cd값 을보여주었고우리나라에서는보기힘든왜건차량형태에가까운B타 입이두번째로낮은Cd값 을보여주었다. 가 장공력성능이좋은A타 입의경우성능이가장좋지않았던C타입(해 치백타입)보다 23%높 은공력성능을보여주었다. 전 방유동이앞유리에부딪히면서 1 차 적손실이발생하고, 루 프가일찍끝나게되어보다근거리에서보다강한후면부재순환(루 프를타고넘어온유동이차량후방에서회오리처럼순환하는모습을보여주는영역)이 일어나Cd값 이커진것으로판단된다. 따 라서, 공 기역학성능을높이기위해서는엔진후드와앞유리의각도차이를최대한줄이고루프가끝나는지점은최대한뒤로가져가는것이좋을것으로판단된다. 대 부분의승객용자동차들은후면유리가비스듬한각도로기울어있는데, 이 는자동차스타일링관점에서절벽처럼뚝떨어지는형상보다는천천히비스듬히떨어지는후면유리라인이미적으로뛰어나다고받아들여지고있기때문이다. 하 지만수직에보다가까운후면유리적용을통한공력성능개선및그로인한연료절감효과, 트 렁크적재부피증대등여러기능적관점에서판단하였을시에는기울어진후면유리는그존재의타당성을잃어버리게된다. 디 자이너들이자동차스타일링작업시후면유리의기울임각도는최소화하는동시에미적으로도조화로운차체의전체측면라인을뽑는디자인전략을세워보는것도좋을것이다. 그림 4.",C 타입(해치백 타입)과 비교하여 A 타입의 공력 성능은 얼마나 더 뛰어났나요?,A 타입은 C 타입보다 23% 높은 공력 성능을 보여주었습니다.,"[""[1] 는차량인BMW사의F80M3 차 량의측면도를바탕으로설정하였다."", ""[2] The Journal of the Convergence on Culture Technology (JCCT) Vol."", ""[3] 6, No."", ""[4] 1, pp.501-506, February 29, 2020.""]",[1],"[0.0, 0.0, 0.0, 0.0]"
자동차 차체 형태 디자인이 공기역학 성능에 미치는영향에 대한 연구_0005,자동차 차체 형태 디자인이 공기역학 성능에 미치는영향에 대한 연구.pdf,length,5,999,85,"는차량인BMW사의F80M3 차 량의측면도를바탕으로설정하였다. The Journal of the Convergence on Culture Technology (JCCT) Vol. 6, No. 1, pp.501-506, February 29, 2020. pISSN 2384-0358, eISSN 2384-0366 - 503 - A타입B타입 C타입D타 입그림 3. 실험 1 에 사용된 4 가 지대표적차체형태(밴형, 왜 건형, 해 치백형및세단형)Figure3.Sideviewsofthefourtypesoftestedmodels도 로에서볼수있는일반적형태의차량타입인해치백타입(C타입)과 세단타입(D타입)의 공기역학성능이A타 입과B타 입보다더뛰어날것으로기대되었으나시뮬레이션결과는예상과는달랐다.<그림 4>에 서보여지듯엔진후드와앞유리가일직선으로이어지는A타 입이가장낮은Cd값 을보여주었고우리나라에서는보기힘든왜건차량형태에가까운B타 입이두번째로낮은Cd값 을보여주었다. 가 장공력성능이좋은A타 입의경우성능이가장좋지않았던C타입(해 치백타입)보다 23%높 은공력성능을보여주었다. 전 방유동이앞유리에부딪히면서 1 차 적손실이발생하고, 루 프가일찍끝나게되어보다근거리에서보다강한후면부재순환(루 프를타고넘어온유동이차량후방에서회오리처럼순환하는모습을보여주는영역)이 일어나Cd값 이커진것으로판단된다. 따 라서, 공 기역학성능을높이기위해서는엔진후드와앞유리의각도차이를최대한줄이고루프가끝나는지점은최대한뒤로가져가는것이좋을것으로판단된다. 대 부분의승객용자동차들은후면유리가비스듬한각도로기울어있는데, 이 는자동차스타일링관점에서절벽처럼뚝떨어지는형상보다는천천히비스듬히떨어지는후면유리라인이미적으로뛰어나다고받아들여지고있기때문이다. 하 지만수직에보다가까운후면유리적용을통한공력성능개선및그로인한연료절감효과, 트 렁크적재부피증대등여러기능적관점에서판단하였을시에는기울어진후면유리는그존재의타당성을잃어버리게된다. 디 자이너들이자동차스타일링작업시후면유리의기울임각도는최소화하는동시에미적으로도조화로운차체의전체측면라인을뽑는디자인전략을세워보는것도좋을것이다. 그림 4.",공기역학 성능을 높이기 위해 어떤 설계 변경이 제안되었나요?,공기역학 성능을 높이기 위해 엔진 후드와 앞유리의 각도 차이를 줄이고 루프가 끝나는 지점을 최대한 뒤로 가져가는 것이 좋다고 판단되었습니다.,"[""[1] 는차량인BMW사의F80M3 차 량의측면도를바탕으로설정하였다."", ""[2] The Journal of the Convergence on Culture Technology (JCCT) Vol."", ""[3] 6, No."", ""[4] 1, pp.501-506, February 29, 2020.""]",[1],"[0.0, 0.0, 0.0, 0.0]"
자동차 차체 형태 디자인이 공기역학 성능에 미치는영향에 대한 연구_0006,자동차 차체 형태 디자인이 공기역학 성능에 미치는영향에 대한 연구.pdf,length,6,978,90,"인이미적으로뛰어나다고받아들여지고있기때문이다. 하 지만수직에보다가까운후면유리적용을통한공력성능개선및그로인한연료절감효과, 트 렁크적재부피증대등여러기능적관점에서판단하였을시에는기울어진후면유리는그존재의타당성을잃어버리게된다. 디 자이너들이자동차스타일링작업시후면유리의기울임각도는최소화하는동시에미적으로도조화로운차체의전체측면라인을뽑는디자인전략을세워보는것도좋을것이다. 그림 4.4 가 지타입의차체측면형태에따른공력성능(막 대위수치는Cd값 을나타냄)Figure4.Resultofexperiment1,Cdvaluesofthefourmodelstested2. 차 체측면유리창각도에따른공력성능비교실제승객용자동차들의측면유리는수직으로세워져있지않고차체안쪽을향해기울어져있다. 어 떤각도로측면유리를기울였을때가장공력성능이좋은지를파악하기위해두번째실험에서는C타입(해 치백타입)차 체를바탕으로측면유리의기울어진각도를 4 가 지방식으로달리했을때의공기역학성능의변화를살펴보았다. 그림 5.C타 입차체의측면유리를수직기준 15 도 각도로안쪽으로커팅한모델Figure5.Ctypemodelwithsidewindowscutattheangleof15degrees<그림 5>는 기본C타 입의차체에수직기준 15 도 각도로안쪽으로커팅한모델의입체도이다.<그림 6>과 같이 4 개 의각도(90 도,75 도,60 도,45 도)로 옆유리창을잘라내었다. 일 반적인승용차의측면유리각도는 60 도 에서 80 도 사이에맞춰져있다. Research on the Effect of Car Body Design on CFD Aerodynamics Performance - 504 - A타입–90 도 수직B타입–75 도 C타입-60 도D타입-45 도 그림 6.4 가 지타입의차체측면유리창각도설정Figure6.Fourtypesofsidewindowsetting실 험결과를보여주는<그림 7>을 살펴보면, 측 면창을기울이지않은A타 입이가장높은Cd값(0.53)을 보였으며극단적으로 45 도 까지기울인D타 입이가장낮은Cd값(0.5)을 나타내었다.",C타입 차체의 측면 유리 각도가 몇 도일 때 공력 성능이 가장 좋은가?,C타입 차체의 측면 유리를 45도로 기울였을 때 가장 낮은 Cd값(0.5)으로 공력 성능이 가장 좋다.,"[""[1] Research on the Effect of Car Body Design on CFD Aerodynamics Performance - 504 - A타입–90 도 수직B타입–75 도 C타입-60 도D타입-45 도 그림 6.4 가 지타입의차체측면유리창각도설정Figure6.Fourtypesofsidewindowsetting실 험결과를보여주는<그림 7>을 살펴보면, 측 면창을기울이지않은A타 입이가장높은Cd값(0.53)을 보였으며극단적으로 45 도 까지기울인D타 입이가장낮은Cd값(0.5)을 나타내었다."", ""[2] 인이미적으로뛰어나다고받아들여지고있기때문이다."", ""[3] 디 자이너들이자동차스타일링작업시후면유리의기울임각도는최소화하는동시에미적으로도조화로운차체의전체측면라인을뽑는디자인전략을세워보는것도좋을것이다."", ""[4] 하 지만수직에보다가까운후면유리적용을통한공력성능개선및그로인한연료절감효과, 트 렁크적재부피증대등여러기능적관점에서판단하였을시에는기울어진후면유리는그존재의타당성을잃어버리게된다.""]",[1],"[0.019845245504109814, 0.0, 0.0, 0.0]"
자동차 차체 형태 디자인이 공기역학 성능에 미치는영향에 대한 연구_0006,자동차 차체 형태 디자인이 공기역학 성능에 미치는영향에 대한 연구.pdf,length,6,978,90,"인이미적으로뛰어나다고받아들여지고있기때문이다. 하 지만수직에보다가까운후면유리적용을통한공력성능개선및그로인한연료절감효과, 트 렁크적재부피증대등여러기능적관점에서판단하였을시에는기울어진후면유리는그존재의타당성을잃어버리게된다. 디 자이너들이자동차스타일링작업시후면유리의기울임각도는최소화하는동시에미적으로도조화로운차체의전체측면라인을뽑는디자인전략을세워보는것도좋을것이다. 그림 4.4 가 지타입의차체측면형태에따른공력성능(막 대위수치는Cd값 을나타냄)Figure4.Resultofexperiment1,Cdvaluesofthefourmodelstested2. 차 체측면유리창각도에따른공력성능비교실제승객용자동차들의측면유리는수직으로세워져있지않고차체안쪽을향해기울어져있다. 어 떤각도로측면유리를기울였을때가장공력성능이좋은지를파악하기위해두번째실험에서는C타입(해 치백타입)차 체를바탕으로측면유리의기울어진각도를 4 가 지방식으로달리했을때의공기역학성능의변화를살펴보았다. 그림 5.C타 입차체의측면유리를수직기준 15 도 각도로안쪽으로커팅한모델Figure5.Ctypemodelwithsidewindowscutattheangleof15degrees<그림 5>는 기본C타 입의차체에수직기준 15 도 각도로안쪽으로커팅한모델의입체도이다.<그림 6>과 같이 4 개 의각도(90 도,75 도,60 도,45 도)로 옆유리창을잘라내었다. 일 반적인승용차의측면유리각도는 60 도 에서 80 도 사이에맞춰져있다. Research on the Effect of Car Body Design on CFD Aerodynamics Performance - 504 - A타입–90 도 수직B타입–75 도 C타입-60 도D타입-45 도 그림 6.4 가 지타입의차체측면유리창각도설정Figure6.Fourtypesofsidewindowsetting실 험결과를보여주는<그림 7>을 살펴보면, 측 면창을기울이지않은A타 입이가장높은Cd값(0.53)을 보였으며극단적으로 45 도 까지기울인D타 입이가장낮은Cd값(0.5)을 나타내었다.",일반적인 승용차의 측면 유리 각도는 몇 도 사이에 맞춰져 있는가?,일반적인 승용차의 측면 유리 각도는 60도에서 80도 사이에 맞춰져 있다.,"[""[1] 인이미적으로뛰어나다고받아들여지고있기때문이다."", ""[2] 하 지만수직에보다가까운후면유리적용을통한공력성능개선및그로인한연료절감효과, 트 렁크적재부피증대등여러기능적관점에서판단하였을시에는기울어진후면유리는그존재의타당성을잃어버리게된다."", ""[3] 디 자이너들이자동차스타일링작업시후면유리의기울임각도는최소화하는동시에미적으로도조화로운차체의전체측면라인을뽑는디자인전략을세워보는것도좋을것이다."", ""[4] 그림 4.4 가 지타입의차체측면형태에따른공력성능(막 대위수치는Cd값 을나타냄)Figure4.Resultofexperiment1,Cdvaluesofthefourmodelstested2.""]",[1],"[0.0, 0.0, 0.0, 0.0]"
자동차 차체 형태 디자인이 공기역학 성능에 미치는영향에 대한 연구_0006,자동차 차체 형태 디자인이 공기역학 성능에 미치는영향에 대한 연구.pdf,length,6,978,90,"인이미적으로뛰어나다고받아들여지고있기때문이다. 하 지만수직에보다가까운후면유리적용을통한공력성능개선및그로인한연료절감효과, 트 렁크적재부피증대등여러기능적관점에서판단하였을시에는기울어진후면유리는그존재의타당성을잃어버리게된다. 디 자이너들이자동차스타일링작업시후면유리의기울임각도는최소화하는동시에미적으로도조화로운차체의전체측면라인을뽑는디자인전략을세워보는것도좋을것이다. 그림 4.4 가 지타입의차체측면형태에따른공력성능(막 대위수치는Cd값 을나타냄)Figure4.Resultofexperiment1,Cdvaluesofthefourmodelstested2. 차 체측면유리창각도에따른공력성능비교실제승객용자동차들의측면유리는수직으로세워져있지않고차체안쪽을향해기울어져있다. 어 떤각도로측면유리를기울였을때가장공력성능이좋은지를파악하기위해두번째실험에서는C타입(해 치백타입)차 체를바탕으로측면유리의기울어진각도를 4 가 지방식으로달리했을때의공기역학성능의변화를살펴보았다. 그림 5.C타 입차체의측면유리를수직기준 15 도 각도로안쪽으로커팅한모델Figure5.Ctypemodelwithsidewindowscutattheangleof15degrees<그림 5>는 기본C타 입의차체에수직기준 15 도 각도로안쪽으로커팅한모델의입체도이다.<그림 6>과 같이 4 개 의각도(90 도,75 도,60 도,45 도)로 옆유리창을잘라내었다. 일 반적인승용차의측면유리각도는 60 도 에서 80 도 사이에맞춰져있다. Research on the Effect of Car Body Design on CFD Aerodynamics Performance - 504 - A타입–90 도 수직B타입–75 도 C타입-60 도D타입-45 도 그림 6.4 가 지타입의차체측면유리창각도설정Figure6.Fourtypesofsidewindowsetting실 험결과를보여주는<그림 7>을 살펴보면, 측 면창을기울이지않은A타 입이가장높은Cd값(0.53)을 보였으며극단적으로 45 도 까지기울인D타 입이가장낮은Cd값(0.5)을 나타내었다.",A타입 차체의 Cd값은 얼마인가?,A타입 차체의 Cd값은 0.53이다.,"[""[1] Research on the Effect of Car Body Design on CFD Aerodynamics Performance - 504 - A타입–90 도 수직B타입–75 도 C타입-60 도D타입-45 도 그림 6.4 가 지타입의차체측면유리창각도설정Figure6.Fourtypesofsidewindowsetting실 험결과를보여주는<그림 7>을 살펴보면, 측 면창을기울이지않은A타 입이가장높은Cd값(0.53)을 보였으며극단적으로 45 도 까지기울인D타 입이가장낮은Cd값(0.5)을 나타내었다."", ""[2] 인이미적으로뛰어나다고받아들여지고있기때문이다."", ""[3] 디 자이너들이자동차스타일링작업시후면유리의기울임각도는최소화하는동시에미적으로도조화로운차체의전체측면라인을뽑는디자인전략을세워보는것도좋을것이다."", ""[4] 하 지만수직에보다가까운후면유리적용을통한공력성능개선및그로인한연료절감효과, 트 렁크적재부피증대등여러기능적관점에서판단하였을시에는기울어진후면유리는그존재의타당성을잃어버리게된다.""]",[1],"[0.03311843258390574, 0.0, 0.0, 0.0]"
자동차 차체 형태 디자인이 공기역학 성능에 미치는영향에 대한 연구_0007,자동차 차체 형태 디자인이 공기역학 성능에 미치는영향에 대한 연구.pdf,length,7,925,85,"- A타입–90 도 수직B타입–75 도 C타입-60 도D타입-45 도 그림 6.4 가 지타입의차체측면유리창각도설정Figure6.Fourtypesofsidewindowsetting실 험결과를보여주는<그림 7>을 살펴보면, 측 면창을기울이지않은A타 입이가장높은Cd값(0.53)을 보였으며극단적으로 45 도 까지기울인D타 입이가장낮은Cd값(0.5)을 나타내었다. 측 면창을 45 도 기울이는것만으로 5.7%공 력성능개선이이루어졌으며이는고속주행시 4%에 달하는연비개선이이루어질수있음을의미한다. 일 반적인측면창의기울어짐각도를적용한B, 와C타 입의경우도A타 입대비 3.8%의 공력개선이이루어졌으며이는 2.7%에 달하는연비개선을의미한다. 그림 7.4 가 지타입의차체측면유리창각도설정에따른공력성능(막 대위수치는Cd값 을나타냄)Figure7.Cdvaluesofthefourtypesofsidewindowsetting3. 엔 진후드의각도변화에따른공력성능비교세번째실험에서는자동차의날렵한옆선을결정짓 는 엔진후드의각도가자동차의공력성능에미치는영향을알아보았다. 엔 진후드는기본적으로엔진이들어가는공간을덮는덮개인데, 엔 진자체가상당한부피를차지하기때문에전방에엔진이탑재되는자동차들의경우날렵한디자인을위해마냥엔진후드의전방각도를제약없이낮출수는없다. 빠 른속도를자랑하는스포츠카의경우전방각도를극도로낮추기도하는데이런경우의스포츠카들은대부분엔진이차량의후방에위치하기에가능하다. 그림 8. 엔 진후드의각도설정(0 도,-9 도,-18 도)Figure8.Anglesetupoftheenginehood(0,-9,-18degree)세 번째실험에서는<그림 8>과<그림 9>에 서보여지듯다른요소들은배제한채 3 가 지각도(0 도,-9 도,-18 도)의 엔진후드를적용한차체모델링데이터를사용해시뮬레이션을돌려보았다. A타입 B타입 C타 입그림 9. 실험 3 에 사용된세개의서로다른엔진후드각도를적용한차체의측면도Figure9.",측면 창을 45도로 기울였을 때 공력 성능은 얼마나 개선되었습니까?,측면 창을 45도로 기울이는 것만으로 5.7% 공력 성능 개선이 이루어졌습니다.,"[""[1] - A타입–90 도 수직B타입–75 도 C타입-60 도D타입-45 도 그림 6.4 가 지타입의차체측면유리창각도설정Figure6.Fourtypesofsidewindowsetting실 험결과를보여주는<그림 7>을 살펴보면, 측 면창을기울이지않은A타 입이가장높은Cd값(0.53)을 보였으며극단적으로 45 도 까지기울인D타 입이가장낮은Cd값(0.5)을 나타내었다."", ""[2] 측 면창을 45 도 기울이는것만으로 5.7%공 력성능개선이이루어졌으며이는고속주행시 4%에 달하는연비개선이이루어질수있음을의미한다."", ""[3] 일 반적인측면창의기울어짐각도를적용한B, 와C타 입의경우도A타 입대비 3.8%의 공력개선이이루어졌으며이는 2.7%에 달하는연비개선을의미한다."", ""[4] 그림 7.4 가 지타입의차체측면유리창각도설정에따른공력성능(막 대위수치는Cd값 을나타냄)Figure7.Cdvaluesofthefourtypesofsidewindowsetting3.""]",[1],"[0.0, 0.0, 0.0, 0.0]"
자동차 차체 형태 디자인이 공기역학 성능에 미치는영향에 대한 연구_0007,자동차 차체 형태 디자인이 공기역학 성능에 미치는영향에 대한 연구.pdf,length,7,925,85,"- A타입–90 도 수직B타입–75 도 C타입-60 도D타입-45 도 그림 6.4 가 지타입의차체측면유리창각도설정Figure6.Fourtypesofsidewindowsetting실 험결과를보여주는<그림 7>을 살펴보면, 측 면창을기울이지않은A타 입이가장높은Cd값(0.53)을 보였으며극단적으로 45 도 까지기울인D타 입이가장낮은Cd값(0.5)을 나타내었다. 측 면창을 45 도 기울이는것만으로 5.7%공 력성능개선이이루어졌으며이는고속주행시 4%에 달하는연비개선이이루어질수있음을의미한다. 일 반적인측면창의기울어짐각도를적용한B, 와C타 입의경우도A타 입대비 3.8%의 공력개선이이루어졌으며이는 2.7%에 달하는연비개선을의미한다. 그림 7.4 가 지타입의차체측면유리창각도설정에따른공력성능(막 대위수치는Cd값 을나타냄)Figure7.Cdvaluesofthefourtypesofsidewindowsetting3. 엔 진후드의각도변화에따른공력성능비교세번째실험에서는자동차의날렵한옆선을결정짓 는 엔진후드의각도가자동차의공력성능에미치는영향을알아보았다. 엔 진후드는기본적으로엔진이들어가는공간을덮는덮개인데, 엔 진자체가상당한부피를차지하기때문에전방에엔진이탑재되는자동차들의경우날렵한디자인을위해마냥엔진후드의전방각도를제약없이낮출수는없다. 빠 른속도를자랑하는스포츠카의경우전방각도를극도로낮추기도하는데이런경우의스포츠카들은대부분엔진이차량의후방에위치하기에가능하다. 그림 8. 엔 진후드의각도설정(0 도,-9 도,-18 도)Figure8.Anglesetupoftheenginehood(0,-9,-18degree)세 번째실험에서는<그림 8>과<그림 9>에 서보여지듯다른요소들은배제한채 3 가 지각도(0 도,-9 도,-18 도)의 엔진후드를적용한차체모델링데이터를사용해시뮬레이션을돌려보았다. A타입 B타입 C타 입그림 9. 실험 3 에 사용된세개의서로다른엔진후드각도를적용한차체의측면도Figure9.",A타입 측면 창의 Cd값은 얼마입니까?,A타입 측면 창의 Cd값은 0.53입니다.,"[""[1] A타입 B타입 C타 입그림 9."", ""[2] - A타입–90 도 수직B타입–75 도 C타입-60 도D타입-45 도 그림 6.4 가 지타입의차체측면유리창각도설정Figure6.Fourtypesofsidewindowsetting실 험결과를보여주는<그림 7>을 살펴보면, 측 면창을기울이지않은A타 입이가장높은Cd값(0.53)을 보였으며극단적으로 45 도 까지기울인D타 입이가장낮은Cd값(0.5)을 나타내었다."", ""[3] 일 반적인측면창의기울어짐각도를적용한B, 와C타 입의경우도A타 입대비 3.8%의 공력개선이이루어졌으며이는 2.7%에 달하는연비개선을의미한다."", ""[4] 측 면창을 45 도 기울이는것만으로 5.7%공 력성능개선이이루어졌으며이는고속주행시 4%에 달하는연비개선이이루어질수있음을의미한다.""]",[1],"[0.07664291664488751, 0.02983941953442983, 0.0, 0.0]"
자동차 차체 형태 디자인이 공기역학 성능에 미치는영향에 대한 연구_0007,자동차 차체 형태 디자인이 공기역학 성능에 미치는영향에 대한 연구.pdf,length,7,925,85,"- A타입–90 도 수직B타입–75 도 C타입-60 도D타입-45 도 그림 6.4 가 지타입의차체측면유리창각도설정Figure6.Fourtypesofsidewindowsetting실 험결과를보여주는<그림 7>을 살펴보면, 측 면창을기울이지않은A타 입이가장높은Cd값(0.53)을 보였으며극단적으로 45 도 까지기울인D타 입이가장낮은Cd값(0.5)을 나타내었다. 측 면창을 45 도 기울이는것만으로 5.7%공 력성능개선이이루어졌으며이는고속주행시 4%에 달하는연비개선이이루어질수있음을의미한다. 일 반적인측면창의기울어짐각도를적용한B, 와C타 입의경우도A타 입대비 3.8%의 공력개선이이루어졌으며이는 2.7%에 달하는연비개선을의미한다. 그림 7.4 가 지타입의차체측면유리창각도설정에따른공력성능(막 대위수치는Cd값 을나타냄)Figure7.Cdvaluesofthefourtypesofsidewindowsetting3. 엔 진후드의각도변화에따른공력성능비교세번째실험에서는자동차의날렵한옆선을결정짓 는 엔진후드의각도가자동차의공력성능에미치는영향을알아보았다. 엔 진후드는기본적으로엔진이들어가는공간을덮는덮개인데, 엔 진자체가상당한부피를차지하기때문에전방에엔진이탑재되는자동차들의경우날렵한디자인을위해마냥엔진후드의전방각도를제약없이낮출수는없다. 빠 른속도를자랑하는스포츠카의경우전방각도를극도로낮추기도하는데이런경우의스포츠카들은대부분엔진이차량의후방에위치하기에가능하다. 그림 8. 엔 진후드의각도설정(0 도,-9 도,-18 도)Figure8.Anglesetupoftheenginehood(0,-9,-18degree)세 번째실험에서는<그림 8>과<그림 9>에 서보여지듯다른요소들은배제한채 3 가 지각도(0 도,-9 도,-18 도)의 엔진후드를적용한차체모델링데이터를사용해시뮬레이션을돌려보았다. A타입 B타입 C타 입그림 9. 실험 3 에 사용된세개의서로다른엔진후드각도를적용한차체의측면도Figure9.",엔진 후드의 각도 설정 실험에서 사용된 각도는 무엇입니까?,"엔진 후드의 각도 설정 실험에서 사용된 각도는 0도, -9도, -18도입니다.","[""[1] - A타입–90 도 수직B타입–75 도 C타입-60 도D타입-45 도 그림 6.4 가 지타입의차체측면유리창각도설정Figure6.Fourtypesofsidewindowsetting실 험결과를보여주는<그림 7>을 살펴보면, 측 면창을기울이지않은A타 입이가장높은Cd값(0.53)을 보였으며극단적으로 45 도 까지기울인D타 입이가장낮은Cd값(0.5)을 나타내었다."", ""[2] 측 면창을 45 도 기울이는것만으로 5.7%공 력성능개선이이루어졌으며이는고속주행시 4%에 달하는연비개선이이루어질수있음을의미한다."", ""[3] 일 반적인측면창의기울어짐각도를적용한B, 와C타 입의경우도A타 입대비 3.8%의 공력개선이이루어졌으며이는 2.7%에 달하는연비개선을의미한다."", ""[4] 그림 7.4 가 지타입의차체측면유리창각도설정에따른공력성능(막 대위수치는Cd값 을나타냄)Figure7.Cdvaluesofthefourtypesofsidewindowsetting3.""]",[1],"[0.0, 0.0, 0.0, 0.0]"
자동차 차체 형태 디자인이 공기역학 성능에 미치는영향에 대한 연구_0008,자동차 차체 형태 디자인이 공기역학 성능에 미치는영향에 대한 연구.pdf,length,8,994,85,"8.Anglesetupoftheenginehood(0,-9,-18degree)세 번째실험에서는<그림 8>과<그림 9>에 서보여지듯다른요소들은배제한채 3 가 지각도(0 도,-9 도,-18 도)의 엔진후드를적용한차체모델링데이터를사용해시뮬레이션을돌려보았다. A타입 B타입 C타 입그림 9. 실험 3 에 사용된세개의서로다른엔진후드각도를적용한차체의측면도Figure9.Sideviewofthevehicleswiththreedifferentenginehoodanglesapplied수 평의엔진후드를갖는A타 입의Cd값은 0.62 로 나타났으며,18 도 만큼전방을향해아래로기울인엔진후 The Journal of the Convergence on Culture Technology (JCCT) Vol. 6, No. 1, pp.501-506, February 29, 2020. pISSN 2384-0358, eISSN 2384-0366 - 505 - 드의C타 입의경우 0.45 의Cd값 을기록해무려 27.4%의 개선이이루어졌음을알수있다. 엔 진후드의각도설정은이번연구에서실험한단일디자인요소로는공력성능에가장큰영향을미치는아이템임을확인할수있었다. 연 비개선측면에서이야기를해보면, 엔 진후드의각도를단지 18 도 내리는것만으로영구적으로 19.2%의 연비개선을가져오게되는것이니자동차디자이너가설정한자체의조형라인하나하나가자동차운행성능, 더 나아가지구의환경에엄청난영향을미친다는사실을지각하고책임의식과자부심을가지고조형작업을해야할것이라사료된다. 그림 10. 세 가지서로다른엔진후드각도적용차량의공력성능(막 대위수치는Cd값 을나타냄)Figure10.Cdvalueresultsofthethreedifferentenginehoodanglesetting4. 차 체의루프(roof)각 도에따른공력성능비교공력성능이중요한스포츠카의경우날렵한엔진후드각도의적용과함께날렵하게떨어지는루프(차 체의지붕)를 적용하는경우가대부분이다. 실 제로날렵하게떨어지는루프라인이공력성능의개선에도움이되는지알아보기위해총세가지의루프라인을적용한차체데이터로실험을하였다.",엔진 후드 각도가 0도에서 -18도로 변경되었을 때 항력계수(Cd)는 어떻게 변했나요?,엔진 후드 각도가 0도에서 -18도로 변경되었을 때 항력계수(Cd)는 0.62에서 0.45로 27.4% 개선되었습니다.,"[""[1] 8.Anglesetupoftheenginehood(0,-9,-18degree)세 번째실험에서는<그림 8>과<그림 9>에 서보여지듯다른요소들은배제한채 3 가 지각도(0 도,-9 도,-18 도)의 엔진후드를적용한차체모델링데이터를사용해시뮬레이션을돌려보았다."", ""[2] A타입 B타입 C타 입그림 9."", ""[3] 실험 3 에 사용된세개의서로다른엔진후드각도를적용한차체의측면도Figure9.Sideviewofthevehicleswiththreedifferentenginehoodanglesapplied수 평의엔진후드를갖는A타 입의Cd값은 0.62 로 나타났으며,18 도 만큼전방을향해아래로기울인엔진후 The Journal of the Convergence on Culture Technology (JCCT) Vol."", ""[4] 6, No.""]",[1],"[0.0, 0.0, 0.0, 0.0]"
자동차 차체 형태 디자인이 공기역학 성능에 미치는영향에 대한 연구_0008,자동차 차체 형태 디자인이 공기역학 성능에 미치는영향에 대한 연구.pdf,length,8,994,85,"8.Anglesetupoftheenginehood(0,-9,-18degree)세 번째실험에서는<그림 8>과<그림 9>에 서보여지듯다른요소들은배제한채 3 가 지각도(0 도,-9 도,-18 도)의 엔진후드를적용한차체모델링데이터를사용해시뮬레이션을돌려보았다. A타입 B타입 C타 입그림 9. 실험 3 에 사용된세개의서로다른엔진후드각도를적용한차체의측면도Figure9.Sideviewofthevehicleswiththreedifferentenginehoodanglesapplied수 평의엔진후드를갖는A타 입의Cd값은 0.62 로 나타났으며,18 도 만큼전방을향해아래로기울인엔진후 The Journal of the Convergence on Culture Technology (JCCT) Vol. 6, No. 1, pp.501-506, February 29, 2020. pISSN 2384-0358, eISSN 2384-0366 - 505 - 드의C타 입의경우 0.45 의Cd값 을기록해무려 27.4%의 개선이이루어졌음을알수있다. 엔 진후드의각도설정은이번연구에서실험한단일디자인요소로는공력성능에가장큰영향을미치는아이템임을확인할수있었다. 연 비개선측면에서이야기를해보면, 엔 진후드의각도를단지 18 도 내리는것만으로영구적으로 19.2%의 연비개선을가져오게되는것이니자동차디자이너가설정한자체의조형라인하나하나가자동차운행성능, 더 나아가지구의환경에엄청난영향을미친다는사실을지각하고책임의식과자부심을가지고조형작업을해야할것이라사료된다. 그림 10. 세 가지서로다른엔진후드각도적용차량의공력성능(막 대위수치는Cd값 을나타냄)Figure10.Cdvalueresultsofthethreedifferentenginehoodanglesetting4. 차 체의루프(roof)각 도에따른공력성능비교공력성능이중요한스포츠카의경우날렵한엔진후드각도의적용과함께날렵하게떨어지는루프(차 체의지붕)를 적용하는경우가대부분이다. 실 제로날렵하게떨어지는루프라인이공력성능의개선에도움이되는지알아보기위해총세가지의루프라인을적용한차체데이터로실험을하였다.",엔진 후드 각도를 18도 내리는 것만으로 연비는 얼마나 개선되나요?,엔진 후드 각도를 18도 내리는 것만으로 연비는 19.2% 개선됩니다.,"[""[1] 8.Anglesetupoftheenginehood(0,-9,-18degree)세 번째실험에서는<그림 8>과<그림 9>에 서보여지듯다른요소들은배제한채 3 가 지각도(0 도,-9 도,-18 도)의 엔진후드를적용한차체모델링데이터를사용해시뮬레이션을돌려보았다."", ""[2] A타입 B타입 C타 입그림 9."", ""[3] 실험 3 에 사용된세개의서로다른엔진후드각도를적용한차체의측면도Figure9.Sideviewofthevehicleswiththreedifferentenginehoodanglesapplied수 평의엔진후드를갖는A타 입의Cd값은 0.62 로 나타났으며,18 도 만큼전방을향해아래로기울인엔진후 The Journal of the Convergence on Culture Technology (JCCT) Vol."", ""[4] 6, No.""]",[1],"[0.0, 0.0, 0.0, 0.0]"
자동차 차체 형태 디자인이 공기역학 성능에 미치는영향에 대한 연구_0008,자동차 차체 형태 디자인이 공기역학 성능에 미치는영향에 대한 연구.pdf,length,8,994,85,"8.Anglesetupoftheenginehood(0,-9,-18degree)세 번째실험에서는<그림 8>과<그림 9>에 서보여지듯다른요소들은배제한채 3 가 지각도(0 도,-9 도,-18 도)의 엔진후드를적용한차체모델링데이터를사용해시뮬레이션을돌려보았다. A타입 B타입 C타 입그림 9. 실험 3 에 사용된세개의서로다른엔진후드각도를적용한차체의측면도Figure9.Sideviewofthevehicleswiththreedifferentenginehoodanglesapplied수 평의엔진후드를갖는A타 입의Cd값은 0.62 로 나타났으며,18 도 만큼전방을향해아래로기울인엔진후 The Journal of the Convergence on Culture Technology (JCCT) Vol. 6, No. 1, pp.501-506, February 29, 2020. pISSN 2384-0358, eISSN 2384-0366 - 505 - 드의C타 입의경우 0.45 의Cd값 을기록해무려 27.4%의 개선이이루어졌음을알수있다. 엔 진후드의각도설정은이번연구에서실험한단일디자인요소로는공력성능에가장큰영향을미치는아이템임을확인할수있었다. 연 비개선측면에서이야기를해보면, 엔 진후드의각도를단지 18 도 내리는것만으로영구적으로 19.2%의 연비개선을가져오게되는것이니자동차디자이너가설정한자체의조형라인하나하나가자동차운행성능, 더 나아가지구의환경에엄청난영향을미친다는사실을지각하고책임의식과자부심을가지고조형작업을해야할것이라사료된다. 그림 10. 세 가지서로다른엔진후드각도적용차량의공력성능(막 대위수치는Cd값 을나타냄)Figure10.Cdvalueresultsofthethreedifferentenginehoodanglesetting4. 차 체의루프(roof)각 도에따른공력성능비교공력성능이중요한스포츠카의경우날렵한엔진후드각도의적용과함께날렵하게떨어지는루프(차 체의지붕)를 적용하는경우가대부분이다. 실 제로날렵하게떨어지는루프라인이공력성능의개선에도움이되는지알아보기위해총세가지의루프라인을적용한차체데이터로실험을하였다.",스포츠카의 공력성능 개선을 위해 주로 어떤 디자인 요소가 적용되나요?,스포츠카의 공력성능 개선을 위해 날렵한 엔진 후드 각도와 날렵하게 떨어지는 루프가 주로 적용됩니다.,"[""[1] 8.Anglesetupoftheenginehood(0,-9,-18degree)세 번째실험에서는<그림 8>과<그림 9>에 서보여지듯다른요소들은배제한채 3 가 지각도(0 도,-9 도,-18 도)의 엔진후드를적용한차체모델링데이터를사용해시뮬레이션을돌려보았다."", ""[2] A타입 B타입 C타 입그림 9."", ""[3] 실험 3 에 사용된세개의서로다른엔진후드각도를적용한차체의측면도Figure9.Sideviewofthevehicleswiththreedifferentenginehoodanglesapplied수 평의엔진후드를갖는A타 입의Cd값은 0.62 로 나타났으며,18 도 만큼전방을향해아래로기울인엔진후 The Journal of the Convergence on Culture Technology (JCCT) Vol."", ""[4] 6, No.""]",[1],"[0.0, 0.0, 0.0, 0.0]"
자동차 차체 형태 디자인이 공기역학 성능에 미치는영향에 대한 연구_0009,자동차 차체 형태 디자인이 공기역학 성능에 미치는영향에 대한 연구.pdf,length,9,872,69,"sultsofthethreedifferentenginehoodanglesetting4. 차 체의루프(roof)각 도에따른공력성능비교공력성능이중요한스포츠카의경우날렵한엔진후드각도의적용과함께날렵하게떨어지는루프(차 체의지붕)를 적용하는경우가대부분이다. 실 제로날렵하게떨어지는루프라인이공력성능의개선에도움이되는지알아보기위해총세가지의루프라인을적용한차체데이터로실험을하였다. 그림 11. 루프(roof)의 각도설정(0 도,-7 도,-14 도)Figure11.Anglesetupoftheroof(0,-7,-14degree) 세 번째실험에서가장좋은공력성능을보인C타 입차량데이터에수직후면유리각도를설정한차량데이터를이번실험의A타 입으로설정하였고A타 입에서루프라인을 7 도 내린B타 입및 14 도 내린C타 입을설정하여실험하였다. 세 가지타입의측면도는<그림 12>와 같다. A타입–0.38 B타입–0.38 C타입–0.39 그림 12. 실험 4 에 사용된세개의서로다른루프(지붕)각 도를적용한차체의측면도Figure12.Sideviewofthevehicleswiththreedifferentroofanglesapplied실 험결과예상과는달리자동차루프의각도차이에따른공력성능차이<그림 13>는 거의나타나지않았으며,FlowDesign소 프트웨어분석과정에서보여지는수렴그래프의지속관찰결과오히려루프라인을내리지않은왜건형타입(A타입)이 여전히미묘하게나은성능을보여주었다. 그림 13. 세 가지서로다른루프각도적용차량의공력성능(막 대위수치는Cd값 을나타냄)Figure13.Cdvalueresultsofthethreedifferentroofanglesetting Research on the Effect of Car Body Design on CFD Aerodynamics Performance - 506 - 4.",실험에서 사용된 세 가지 루프 각도는 무엇인가요?,"실험에서 사용된 세 가지 루프 각도는 0도, -7도, -14도입니다.","[""[1] 루프(roof)의 각도설정(0 도,-7 도,-14 도)Figure11.Anglesetupoftheroof(0,-7,-14degree) 세 번째실험에서가장좋은공력성능을보인C타 입차량데이터에수직후면유리각도를설정한차량데이터를이번실험의A타 입으로설정하였고A타 입에서루프라인을 7 도 내린B타 입및 14 도 내린C타 입을설정하여실험하였다."", ""[2] sultsofthethreedifferentenginehoodanglesetting4."", ""[3] 실 제로날렵하게떨어지는루프라인이공력성능의개선에도움이되는지알아보기위해총세가지의루프라인을적용한차체데이터로실험을하였다."", ""[4] 차 체의루프(roof)각 도에따른공력성능비교공력성능이중요한스포츠카의경우날렵한엔진후드각도의적용과함께날렵하게떨어지는루프(차 체의지붕)를 적용하는경우가대부분이다.""]",[1],"[0.03914687026880386, 0.0, 0.0, 0.0]"
자동차 차체 형태 디자인이 공기역학 성능에 미치는영향에 대한 연구_0009,자동차 차체 형태 디자인이 공기역학 성능에 미치는영향에 대한 연구.pdf,length,9,872,69,"sultsofthethreedifferentenginehoodanglesetting4. 차 체의루프(roof)각 도에따른공력성능비교공력성능이중요한스포츠카의경우날렵한엔진후드각도의적용과함께날렵하게떨어지는루프(차 체의지붕)를 적용하는경우가대부분이다. 실 제로날렵하게떨어지는루프라인이공력성능의개선에도움이되는지알아보기위해총세가지의루프라인을적용한차체데이터로실험을하였다. 그림 11. 루프(roof)의 각도설정(0 도,-7 도,-14 도)Figure11.Anglesetupoftheroof(0,-7,-14degree) 세 번째실험에서가장좋은공력성능을보인C타 입차량데이터에수직후면유리각도를설정한차량데이터를이번실험의A타 입으로설정하였고A타 입에서루프라인을 7 도 내린B타 입및 14 도 내린C타 입을설정하여실험하였다. 세 가지타입의측면도는<그림 12>와 같다. A타입–0.38 B타입–0.38 C타입–0.39 그림 12. 실험 4 에 사용된세개의서로다른루프(지붕)각 도를적용한차체의측면도Figure12.Sideviewofthevehicleswiththreedifferentroofanglesapplied실 험결과예상과는달리자동차루프의각도차이에따른공력성능차이<그림 13>는 거의나타나지않았으며,FlowDesign소 프트웨어분석과정에서보여지는수렴그래프의지속관찰결과오히려루프라인을내리지않은왜건형타입(A타입)이 여전히미묘하게나은성능을보여주었다. 그림 13. 세 가지서로다른루프각도적용차량의공력성능(막 대위수치는Cd값 을나타냄)Figure13.Cdvalueresultsofthethreedifferentroofanglesetting Research on the Effect of Car Body Design on CFD Aerodynamics Performance - 506 - 4.",루프 각도에 따른 공력 성능 차이는 어떻게 나타났나요?,"루프 각도에 따른 공력 성능 차이는 거의 나타나지 않았으며, 오히려 왜건형 타입(A타입)이 미묘하게 나은 성능을 보였습니다.","[""[1] 루프(roof)의 각도설정(0 도,-7 도,-14 도)Figure11.Anglesetupoftheroof(0,-7,-14degree) 세 번째실험에서가장좋은공력성능을보인C타 입차량데이터에수직후면유리각도를설정한차량데이터를이번실험의A타 입으로설정하였고A타 입에서루프라인을 7 도 내린B타 입및 14 도 내린C타 입을설정하여실험하였다."", ""[2] sultsofthethreedifferentenginehoodanglesetting4."", ""[3] 실 제로날렵하게떨어지는루프라인이공력성능의개선에도움이되는지알아보기위해총세가지의루프라인을적용한차체데이터로실험을하였다."", ""[4] 차 체의루프(roof)각 도에따른공력성능비교공력성능이중요한스포츠카의경우날렵한엔진후드각도의적용과함께날렵하게떨어지는루프(차 체의지붕)를 적용하는경우가대부분이다.""]",[1],"[0.033411728650114644, 0.0, 0.0, 0.0]"
자동차 차체 형태 디자인이 공기역학 성능에 미치는영향에 대한 연구_0009,자동차 차체 형태 디자인이 공기역학 성능에 미치는영향에 대한 연구.pdf,length,9,872,69,"sultsofthethreedifferentenginehoodanglesetting4. 차 체의루프(roof)각 도에따른공력성능비교공력성능이중요한스포츠카의경우날렵한엔진후드각도의적용과함께날렵하게떨어지는루프(차 체의지붕)를 적용하는경우가대부분이다. 실 제로날렵하게떨어지는루프라인이공력성능의개선에도움이되는지알아보기위해총세가지의루프라인을적용한차체데이터로실험을하였다. 그림 11. 루프(roof)의 각도설정(0 도,-7 도,-14 도)Figure11.Anglesetupoftheroof(0,-7,-14degree) 세 번째실험에서가장좋은공력성능을보인C타 입차량데이터에수직후면유리각도를설정한차량데이터를이번실험의A타 입으로설정하였고A타 입에서루프라인을 7 도 내린B타 입및 14 도 내린C타 입을설정하여실험하였다. 세 가지타입의측면도는<그림 12>와 같다. A타입–0.38 B타입–0.38 C타입–0.39 그림 12. 실험 4 에 사용된세개의서로다른루프(지붕)각 도를적용한차체의측면도Figure12.Sideviewofthevehicleswiththreedifferentroofanglesapplied실 험결과예상과는달리자동차루프의각도차이에따른공력성능차이<그림 13>는 거의나타나지않았으며,FlowDesign소 프트웨어분석과정에서보여지는수렴그래프의지속관찰결과오히려루프라인을내리지않은왜건형타입(A타입)이 여전히미묘하게나은성능을보여주었다. 그림 13. 세 가지서로다른루프각도적용차량의공력성능(막 대위수치는Cd값 을나타냄)Figure13.Cdvalueresultsofthethreedifferentroofanglesetting Research on the Effect of Car Body Design on CFD Aerodynamics Performance - 506 - 4.",세 가지 루프 각도 설정에서 가장 높은 Cd 값을 보인 타입은 무엇인가요?,"세 가지 루프 각도 설정에서 가장 높은 Cd 값을 보인 타입은 C타입으로, Cd 값은 0.39입니다.","[""[1] 루프(roof)의 각도설정(0 도,-7 도,-14 도)Figure11.Anglesetupoftheroof(0,-7,-14degree) 세 번째실험에서가장좋은공력성능을보인C타 입차량데이터에수직후면유리각도를설정한차량데이터를이번실험의A타 입으로설정하였고A타 입에서루프라인을 7 도 내린B타 입및 14 도 내린C타 입을설정하여실험하였다."", ""[2] sultsofthethreedifferentenginehoodanglesetting4."", ""[3] 실 제로날렵하게떨어지는루프라인이공력성능의개선에도움이되는지알아보기위해총세가지의루프라인을적용한차체데이터로실험을하였다."", ""[4] 차 체의루프(roof)각 도에따른공력성능비교공력성능이중요한스포츠카의경우날렵한엔진후드각도의적용과함께날렵하게떨어지는루프(차 체의지붕)를 적용하는경우가대부분이다.""]",[1],"[0.028164582434088942, 0.0, 0.0, 0.0]"
자동차 차체 형태 디자인이 공기역학 성능에 미치는영향에 대한 연구_0010,자동차 차체 형태 디자인이 공기역학 성능에 미치는영향에 대한 연구.pdf,length,10,938,71,"나은성능을보여주었다. 그림 13. 세 가지서로다른루프각도적용차량의공력성능(막 대위수치는Cd값 을나타냄)Figure13.Cdvalueresultsofthethreedifferentroofanglesetting Research on the Effect of Car Body Design on CFD Aerodynamics Performance - 506 - 4. 후 방디퓨저적용에따른공력성능변화자동차의공력성능개선부품중후방디퓨저의기능은바닥의압축되어있는공기배출을도와차체바닥을보다낮은압력상태로만들어다운포스(차 체를누르는힘, 차 체를눌러주어코너링시안정감을증가)를 증가시키고항력(Cd값 으로측정)을 낮추는역할을한다[4][5]. 최 종성능최적화를위한후방디퓨저의기능을적용시키기위해그림xx와 같이 20 도 각도로차량의뒤쪽하부를잘라낸입체모형으로시뮬레이션테스트를진행하였다. 최 종측정결과, 예 상과는달리, 증 가한Cd값 0.42 를 기록하였는데이는디퓨저를적용하지않은모델보다 11%높 은값이었다. 그림 14. 디 퓨저적용차량의각도설정및유동시각화Figure14.ImagesofdiffuserappliedmodelⅣ. 결 론본시뮬레이션실험연구를통해아래와같은발견점을얻을수있었다.1. 비 스듬히떨어지는후면유리라인은공력성능에나쁜영향을미친다.2. 루 프의각도차이에따른공력성능차이는거의나타나지않았다.3. 일 찍떨어지는후면라인은공력성능에악영향을끼치지않으면서날렵한느낌의스타일링에도움이된다. 단 일찍떨어지는루프라인은승객탑승공간의높이확보에문제를도출하게된다. 4. 루 프라인이수평으로늦게까지이어지다천천히떨어지는후면유리라인은스타일링에도움이될지언정공력성능에는악영향을미친다.5. 차 체의형태에따라디퓨저적용시의공력성능효과가달라지는것으로판단된다. 본 실험연구에서는차체의형태를결정짓는다양한디자인요소들의설정값을달리하여비교분석해보았다. 차 체의디자인을결정짓는선하나하나의차이로인해차량의성능및연비에큰영향을미침을실험수치들을통해확인할수있었다.",후방 디퓨저의 기능은 자동차의 공력 성능에 어떤 영향을 미칩니까?,후방 디퓨저는 바닥의 압축된 공기를 배출하여 차체 바닥을 낮은 압력 상태로 만들어 다운포스를 증가시키고 항력(Cd값)을 낮추는 역할을 합니다.,"[""[1] 나은성능을보여주었다."", ""[2] 그림 13."", ""[3] 세 가지서로다른루프각도적용차량의공력성능(막 대위수치는Cd값 을나타냄)Figure13.Cdvalueresultsofthethreedifferentroofanglesetting Research on the Effect of Car Body Design on CFD Aerodynamics Performance - 506 - 4."", ""[4] 후 방디퓨저적용에따른공력성능변화자동차의공력성능개선부품중후방디퓨저의기능은바닥의압축되어있는공기배출을도와차체바닥을보다낮은압력상태로만들어다운포스(차 체를누르는힘, 차 체를눌러주어코너링시안정감을증가)를 증가시키고항력(Cd값 으로측정)을 낮추는역할을한다[4][5].""]",[1],"[0.0, 0.0, 0.0, 0.0]"
자동차 차체 형태 디자인이 공기역학 성능에 미치는영향에 대한 연구_0010,자동차 차체 형태 디자인이 공기역학 성능에 미치는영향에 대한 연구.pdf,length,10,938,71,"나은성능을보여주었다. 그림 13. 세 가지서로다른루프각도적용차량의공력성능(막 대위수치는Cd값 을나타냄)Figure13.Cdvalueresultsofthethreedifferentroofanglesetting Research on the Effect of Car Body Design on CFD Aerodynamics Performance - 506 - 4. 후 방디퓨저적용에따른공력성능변화자동차의공력성능개선부품중후방디퓨저의기능은바닥의압축되어있는공기배출을도와차체바닥을보다낮은압력상태로만들어다운포스(차 체를누르는힘, 차 체를눌러주어코너링시안정감을증가)를 증가시키고항력(Cd값 으로측정)을 낮추는역할을한다[4][5]. 최 종성능최적화를위한후방디퓨저의기능을적용시키기위해그림xx와 같이 20 도 각도로차량의뒤쪽하부를잘라낸입체모형으로시뮬레이션테스트를진행하였다. 최 종측정결과, 예 상과는달리, 증 가한Cd값 0.42 를 기록하였는데이는디퓨저를적용하지않은모델보다 11%높 은값이었다. 그림 14. 디 퓨저적용차량의각도설정및유동시각화Figure14.ImagesofdiffuserappliedmodelⅣ. 결 론본시뮬레이션실험연구를통해아래와같은발견점을얻을수있었다.1. 비 스듬히떨어지는후면유리라인은공력성능에나쁜영향을미친다.2. 루 프의각도차이에따른공력성능차이는거의나타나지않았다.3. 일 찍떨어지는후면라인은공력성능에악영향을끼치지않으면서날렵한느낌의스타일링에도움이된다. 단 일찍떨어지는루프라인은승객탑승공간의높이확보에문제를도출하게된다. 4. 루 프라인이수평으로늦게까지이어지다천천히떨어지는후면유리라인은스타일링에도움이될지언정공력성능에는악영향을미친다.5. 차 체의형태에따라디퓨저적용시의공력성능효과가달라지는것으로판단된다. 본 실험연구에서는차체의형태를결정짓는다양한디자인요소들의설정값을달리하여비교분석해보았다. 차 체의디자인을결정짓는선하나하나의차이로인해차량의성능및연비에큰영향을미침을실험수치들을통해확인할수있었다.",후방 디퓨저를 적용한 모델의 Cd값은 얼마였습니까?,"후방 디퓨저를 적용한 모델의 Cd값은 0.42로, 디퓨저를 적용하지 않은 모델보다 11% 높은 값이었습니다.","[""[1] 나은성능을보여주었다."", ""[2] 그림 13."", ""[3] 세 가지서로다른루프각도적용차량의공력성능(막 대위수치는Cd값 을나타냄)Figure13.Cdvalueresultsofthethreedifferentroofanglesetting Research on the Effect of Car Body Design on CFD Aerodynamics Performance - 506 - 4."", ""[4] 후 방디퓨저적용에따른공력성능변화자동차의공력성능개선부품중후방디퓨저의기능은바닥의압축되어있는공기배출을도와차체바닥을보다낮은압력상태로만들어다운포스(차 체를누르는힘, 차 체를눌러주어코너링시안정감을증가)를 증가시키고항력(Cd값 으로측정)을 낮추는역할을한다[4][5].""]",[1],"[0.0, 0.0, 0.0, 0.0]"
자동차 차체 형태 디자인이 공기역학 성능에 미치는영향에 대한 연구_0010,자동차 차체 형태 디자인이 공기역학 성능에 미치는영향에 대한 연구.pdf,length,10,938,71,"나은성능을보여주었다. 그림 13. 세 가지서로다른루프각도적용차량의공력성능(막 대위수치는Cd값 을나타냄)Figure13.Cdvalueresultsofthethreedifferentroofanglesetting Research on the Effect of Car Body Design on CFD Aerodynamics Performance - 506 - 4. 후 방디퓨저적용에따른공력성능변화자동차의공력성능개선부품중후방디퓨저의기능은바닥의압축되어있는공기배출을도와차체바닥을보다낮은압력상태로만들어다운포스(차 체를누르는힘, 차 체를눌러주어코너링시안정감을증가)를 증가시키고항력(Cd값 으로측정)을 낮추는역할을한다[4][5]. 최 종성능최적화를위한후방디퓨저의기능을적용시키기위해그림xx와 같이 20 도 각도로차량의뒤쪽하부를잘라낸입체모형으로시뮬레이션테스트를진행하였다. 최 종측정결과, 예 상과는달리, 증 가한Cd값 0.42 를 기록하였는데이는디퓨저를적용하지않은모델보다 11%높 은값이었다. 그림 14. 디 퓨저적용차량의각도설정및유동시각화Figure14.ImagesofdiffuserappliedmodelⅣ. 결 론본시뮬레이션실험연구를통해아래와같은발견점을얻을수있었다.1. 비 스듬히떨어지는후면유리라인은공력성능에나쁜영향을미친다.2. 루 프의각도차이에따른공력성능차이는거의나타나지않았다.3. 일 찍떨어지는후면라인은공력성능에악영향을끼치지않으면서날렵한느낌의스타일링에도움이된다. 단 일찍떨어지는루프라인은승객탑승공간의높이확보에문제를도출하게된다. 4. 루 프라인이수평으로늦게까지이어지다천천히떨어지는후면유리라인은스타일링에도움이될지언정공력성능에는악영향을미친다.5. 차 체의형태에따라디퓨저적용시의공력성능효과가달라지는것으로판단된다. 본 실험연구에서는차체의형태를결정짓는다양한디자인요소들의설정값을달리하여비교분석해보았다. 차 체의디자인을결정짓는선하나하나의차이로인해차량의성능및연비에큰영향을미침을실험수치들을통해확인할수있었다.",루프 각도 차이에 따른 공력 성능 차이는 어떻게 나타났습니까?,루프 각도 차이에 따른 공력 성능 차이는 거의 나타나지 않았습니다.,"[""[1] 나은성능을보여주었다."", ""[2] 그림 13."", ""[3] 세 가지서로다른루프각도적용차량의공력성능(막 대위수치는Cd값 을나타냄)Figure13.Cdvalueresultsofthethreedifferentroofanglesetting Research on the Effect of Car Body Design on CFD Aerodynamics Performance - 506 - 4."", ""[4] 후 방디퓨저적용에따른공력성능변화자동차의공력성능개선부품중후방디퓨저의기능은바닥의압축되어있는공기배출을도와차체바닥을보다낮은압력상태로만들어다운포스(차 체를누르는힘, 차 체를눌러주어코너링시안정감을증가)를 증가시키고항력(Cd값 으로측정)을 낮추는역할을한다[4][5].""]",[1],"[0.0, 0.0, 0.0, 0.0]"
